alarmId,timestamp,clearedAt,siteId,cellId,technology,severity,probableCause,state
ALM-000170,2026-09-23T08:51:55.263Z,,VSKP-006,,,Major,Mains power failure,acknowledged
ALM-000020,2026-09-23T08:08:00.328Z,,VSKP-010,,,Major,Mains power failure,acknowledged
ALM-000254,2026-09-23T06:21:02.427Z,2026-09-23T07:59:48.070Z,VSKP-007,,,Minor,Packet loss on backhaul,cleared
ALM-000284,2026-09-23T04:34:18.254Z,2026-09-23T08:16:15.068Z,VSKP-003,VSKP-003-L2,LTE,Minor,RRC setup success degraded,cleared
ALM-000103,2026-09-23T03:39:12.726Z,,VSKP-002,VSKP-002-L1,LTE,Minor,Handover success degraded,active
ALM-000120,2026-09-23T03:30:16.432Z,,VSKP-011,,,Minor,Packet loss on backhaul,active
ALM-000252,2026-09-23T03:04:32.957Z,2026-09-23T08:35:10.428Z,VSKP-007,,,Minor,Packet loss on backhaul,cleared
ALM-000131,2026-09-23T02:54:41.930Z,2026-09-23T07:00:58.082Z,VSKP-009,,,Minor,Temperature high,cleared
ALM-000209,2026-09-23T02:44:36.873Z,,VSKP-007,,,Minor,Packet loss on backhaul,active
ALM-000064,2026-09-23T02:12:17.128Z,2026-09-23T04:22:18.738Z,VSKP-008,VSKP-008-L2,LTE,Minor,RRC setup success degraded,cleared
ALM-000268,2026-09-23T02:06:21.295Z,2026-09-23T09:00:00.000Z,VSKP-004,,,Warning,Door open,cleared
ALM-000181,2026-09-23T01:49:32.715Z,2026-09-23T09:00:00.000Z,VSKP-004,,,Minor,Battery on discharge,cleared
ALM-000208,2026-09-23T00:04:48.891Z,,VSKP-011,,,Warning,GPS synchronisation lost,active
ALM-000281,2026-09-22T23:34:05.534Z,2026-09-23T07:18:02.958Z,VSKP-006,,,Warning,Rectifier fault,cleared
ALM-000036,2026-09-22T23:28:32.660Z,,VSKP-001,,,Minor,Temperature high,active
ALM-000101,2026-09-22T23:13:43.413Z,2026-09-23T02:21:04.100Z,VSKP-002,VSKP-002-N1,NR,Minor,RRC setup success degraded,cleared
ALM-000040,2026-09-22T22:34:08.412Z,2026-09-23T02:42:01.009Z,VSKP-009,VSKP-009-N1,NR,Minor,Handover success degraded,cleared
ALM-000219,2026-09-22T21:46:06.280Z,2026-09-23T05:23:47.963Z,VSKP-008,,,Major,Mains power failure,cleared
ALM-000173,2026-09-22T21:33:35.520Z,,VSKP-001,,,Major,Mains power failure,active
ALM-000056,2026-09-22T20:27:02.828Z,2026-09-23T00:28:56.620Z,VSKP-006,,,Minor,Temperature high,cleared
ALM-000100,2026-09-22T20:06:05.088Z,,VSKP-001,VSKP-001-L1,LTE,Major,Sleeping cell suspected,active
ALM-000155,2026-09-22T19:19:48.112Z,2026-09-22T21:10:57.891Z,VSKP-001,,,Warning,Door open,cleared
ALM-000090,2026-09-22T19:00:20.202Z,,VSKP-009,,,Warning,Door open,active
ALM-000119,2026-09-22T18:36:59.745Z,2026-09-23T02:35:57.444Z,VSKP-001,,,Warning,Rectifier fault,cleared
ALM-000087,2026-09-22T18:35:46.062Z,,VSKP-005,,,Warning,Rectifier fault,active
ALM-000200,2026-09-22T17:51:36.997Z,2026-09-23T00:32:23.735Z,VSKP-007,,,Minor,Battery on discharge,cleared
ALM-000123,2026-09-22T17:09:44.955Z,,VSKP-009,VSKP-009-N1,NR,Minor,RRC setup success degraded,acknowledged
ALM-000063,2026-09-22T16:53:26.409Z,,VSKP-007,VSKP-007-L1,LTE,Major,Sleeping cell suspected,active
ALM-000264,2026-09-22T16:24:20.863Z,2026-09-23T02:17:39.402Z,VSKP-004,VSKP-004-L2,LTE,Major,Sleeping cell suspected,cleared
ALM-000047,2026-09-22T16:13:25.314Z,2026-09-22T18:17:44.550Z,VSKP-011,VSKP-011-L1,LTE,Minor,RRC setup success degraded,cleared
ALM-000258,2026-09-22T15:05:09.974Z,2026-09-22T19:20:25.959Z,VSKP-009,,,Warning,Rectifier fault,cleared
ALM-000037,2026-09-22T15:00:33.597Z,2026-09-22T16:03:25.757Z,VSKP-005,VSKP-005-N1,NR,Major,Sleeping cell suspected,cleared
ALM-000188,2026-09-22T14:43:04.561Z,,VSKP-008,,,Warning,Rectifier fault,acknowledged
ALM-000184,2026-09-22T13:44:47.922Z,2026-09-22T20:09:55.979Z,VSKP-011,VSKP-011-L3,LTE,Major,Sleeping cell suspected,cleared
ALM-000102,2026-09-22T13:02:13.703Z,2026-09-22T21:48:12.821Z,VSKP-003,,,Minor,Temperature high,cleared
ALM-000018,2026-09-22T12:28:49.793Z,,VSKP-010,,,Minor,Battery on discharge,active
ALM-000115,2026-09-22T10:43:05.139Z,2026-09-22T15:06:50.537Z,VSKP-005,,,Minor,Battery on discharge,cleared
ALM-000081,2026-09-22T10:04:59.886Z,2026-09-22T14:33:59.991Z,VSKP-004,,,Warning,GPS synchronisation lost,cleared
ALM-000232,2026-09-22T09:45:27.663Z,,VSKP-003,VSKP-003-L2,LTE,Minor,Handover success degraded,active
ALM-000014,2026-09-22T09:31:45.307Z,2026-09-22T12:41:30.010Z,VSKP-001,,,Warning,Rectifier fault,cleared
ALM-000139,2026-09-22T08:52:39.219Z,,VSKP-006,VSKP-006-L3,LTE,Minor,RRC setup success degraded,acknowledged
ALM-000030,2026-09-22T08:33:29.211Z,2026-09-22T17:02:52.873Z,VSKP-002,VSKP-002-N1,NR,Major,Sleeping cell suspected,cleared
ALM-000241,2026-09-22T06:38:09.834Z,2026-09-22T08:13:19.362Z,VSKP-012,VSKP-012-L1,LTE,Minor,Handover success degraded,cleared
ALM-000052,2026-09-22T05:57:26.007Z,2026-09-22T08:24:06.327Z,VSKP-010,VSKP-010-L3,LTE,Minor,Handover success degraded,cleared
ALM-000243,2026-09-22T05:46:37.928Z,2026-09-22T15:34:15.947Z,VSKP-003,,,Minor,Packet loss on backhaul,cleared
ALM-000253,2026-09-22T04:52:13.812Z,,VSKP-006,,,Minor,Battery on discharge,active
ALM-000029,2026-09-22T04:43:36.445Z,,VSKP-007,,,Warning,Rectifier fault,active
ALM-000142,2026-09-22T03:54:13.232Z,2026-09-22T10:27:42.355Z,VSKP-009,,,Warning,Door open,cleared
ALM-000107,2026-09-22T03:39:30.666Z,,VSKP-006,,,Minor,Temperature high,active
ALM-000274,2026-09-22T03:27:39.178Z,2026-09-22T09:12:58.735Z,VSKP-006,,,Warning,Door open,cleared
ALM-000160,2026-09-22T02:32:30.808Z,2026-09-22T06:09:52.210Z,VSKP-010,,,Warning,Door open,cleared
ALM-000084,2026-09-22T02:23:18.301Z,2026-09-22T09:43:33.020Z,VSKP-004,,,Minor,Packet loss on backhaul,cleared
ALM-000267,2026-09-22T02:15:29.786Z,,VSKP-011,,,Warning,GPS synchronisation lost,active
ALM-000263,2026-09-22T02:05:20.020Z,,VSKP-002,,,Minor,Packet loss on backhaul,active
ALM-000220,2026-09-22T01:34:19.913Z,2026-09-22T05:59:20.854Z,VSKP-011,,,Warning,Rectifier fault,cleared
ALM-000011,2026-09-22T00:54:19.503Z,2026-09-22T05:38:04.972Z,VSKP-003,VSKP-003-L2,LTE,Minor,RRC setup success degraded,cleared
ALM-000242,2026-09-22T00:36:43.769Z,2026-09-22T07:27:31.249Z,VSKP-011,VSKP-011-L1,LTE,Minor,Handover success degraded,cleared
ALM-000061,2026-09-22T00:24:02.417Z,2026-09-22T01:52:33.644Z,VSKP-006,,,Warning,GPS synchronisation lost,cleared
ALM-000256,2026-09-21T23:25:54.160Z,2026-09-22T08:23:25.883Z,VSKP-003,,,Warning,Door open,cleared
ALM-000068,2026-09-21T23:25:07.163Z,,VSKP-006,VSKP-006-N1,NR,Major,Sleeping cell suspected,active
ALM-000106,2026-09-21T23:20:55.387Z,2026-09-22T06:52:43.327Z,VSKP-001,,,Minor,Battery on discharge,cleared
ALM-000260,2026-09-21T23:08:26.743Z,2026-09-22T01:00:11.249Z,VSKP-005,VSKP-005-L1,LTE,Minor,RRC setup success degraded,cleared
ALM-000048,2026-09-21T22:50:48.827Z,2026-09-22T04:29:24.388Z,VSKP-007,,,Minor,Packet loss on backhaul,cleared
ALM-000129,2026-09-21T22:42:28.374Z,2026-09-22T08:27:24.654Z,VSKP-008,,,Major,Mains power failure,cleared
ALM-000085,2026-09-21T22:15:57.709Z,2026-09-22T05:38:04.431Z,VSKP-001,,,Warning,GPS synchronisation lost,cleared
ALM-000261,2026-09-21T22:08:25.440Z,2026-09-22T01:36:34.566Z,VSKP-004,,,Warning,GPS synchronisation lost,cleared
ALM-000146,2026-09-21T21:59:58.559Z,2026-09-22T06:06:54.977Z,VSKP-010,,,Major,Mains power failure,cleared
ALM-000076,2026-09-21T20:31:34.185Z,2026-09-22T02:26:00.264Z,VSKP-003,VSKP-003-N1,NR,Minor,RRC setup success degraded,cleared
ALM-000051,2026-09-21T19:09:11.956Z,,VSKP-002,,,Warning,GPS synchronisation lost,acknowledged
ALM-000279,2026-09-21T18:56:48.031Z,2026-09-21T20:28:32.882Z,VSKP-004,,,Warning,Rectifier fault,cleared
ALM-000060,2026-09-21T18:49:21.957Z,2026-09-22T03:45:59.323Z,VSKP-002,,,Minor,Battery on discharge,cleared
ALM-000154,2026-09-21T18:34:48.165Z,2026-09-21T20:54:57.299Z,VSKP-011,,,Warning,GPS synchronisation lost,cleared
ALM-000221,2026-09-21T18:19:05.409Z,2026-09-22T01:05:17.947Z,VSKP-004,VSKP-004-L2,LTE,Minor,RRC setup success degraded,cleared
ALM-000262,2026-09-21T17:02:14.455Z,2026-09-22T02:42:35.891Z,VSKP-006,,,Warning,Rectifier fault,cleared
ALM-000257,2026-09-21T16:56:04.060Z,2026-09-22T02:27:26.017Z,VSKP-002,,,Warning,GPS synchronisation lost,cleared
ALM-000171,2026-09-21T16:38:05.958Z,,VSKP-006,VSKP-006-N1,NR,Major,Sleeping cell suspected,active
ALM-000291,2026-09-21T16:21:43.186Z,2026-09-21T23:17:50.215Z,VSKP-006,,,Major,Mains power failure,cleared
ALM-000054,2026-09-21T15:46:12.779Z,2026-09-21T21:12:45.488Z,VSKP-004,,,Warning,Rectifier fault,cleared
ALM-000174,2026-09-21T15:42:27.251Z,,VSKP-009,VSKP-009-L3,LTE,Minor,Handover success degraded,acknowledged
ALM-000172,2026-09-21T15:34:12.538Z,,VSKP-012,,,Major,Mains power failure,active
ALM-000296,2026-09-21T15:22:40.244Z,2026-09-21T21:49:20.922Z,VSKP-002,,,Minor,Packet loss on backhaul,cleared
ALM-000013,2026-09-21T14:59:58.361Z,2026-09-21T21:33:34.772Z,VSKP-006,,,Warning,GPS synchronisation lost,cleared
ALM-000233,2026-09-21T14:41:30.063Z,2026-09-21T21:25:42.888Z,VSKP-007,VSKP-007-N1,NR,Minor,Handover success degraded,cleared
ALM-000194,2026-09-21T14:28:37.366Z,2026-09-22T00:33:46.375Z,VSKP-011,,,Major,Mains power failure,cleared
ALM-000288,2026-09-21T13:57:42.329Z,2026-09-21T22:30:19.450Z,VSKP-011,,,Warning,Door open,cleared
ALM-000066,2026-09-21T12:11:24.044Z,2026-09-21T16:05:41.330Z,VSKP-001,,,Warning,GPS synchronisation lost,cleared
ALM-000067,2026-09-21T11:14:43.543Z,,VSKP-010,VSKP-010-N1,NR,Minor,Handover success degraded,active
ALM-000017,2026-09-21T11:07:08.519Z,2026-09-21T15:23:33.199Z,VSKP-009,,,Minor,Temperature high,cleared
ALM-000223,2026-09-21T10:37:19.007Z,,VSKP-010,VSKP-010-L2,LTE,Minor,Handover success degraded,active
ALM-000005,2026-09-21T10:34:48.914Z,,VSKP-002,,,Major,Mains power failure,active
ALM-000059,2026-09-21T10:32:10.786Z,2026-09-21T19:08:44.190Z,VSKP-007,,,Minor,Packet loss on backhaul,cleared
ALM-000270,2026-09-21T10:01:29.857Z,2026-09-21T19:18:43.631Z,VSKP-003,,,Minor,Temperature high,cleared
ALM-000211,2026-09-21T09:56:46.642Z,2026-09-21T13:13:39.532Z,VSKP-009,,,Warning,GPS synchronisation lost,cleared
ALM-000227,2026-09-21T09:18:41.484Z,2026-09-21T15:09:08.773Z,VSKP-005,,,Warning,GPS synchronisation lost,cleared
ALM-000065,2026-09-21T08:57:55.059Z,2026-09-21T11:23:49.828Z,VSKP-012,VSKP-012-N1,NR,Minor,Handover success degraded,cleared
ALM-000198,2026-09-21T08:42:42.983Z,2026-09-21T17:06:22.496Z,VSKP-003,,,Warning,Door open,cleared
ALM-000016,2026-09-21T07:33:45.404Z,2026-09-21T09:15:55.294Z,VSKP-010,VSKP-010-L2,LTE,Minor,Handover success degraded,cleared
ALM-000246,2026-09-21T07:17:19.963Z,,VSKP-012,,,Warning,Door open,active
ALM-000176,2026-09-21T06:43:23.015Z,,VSKP-011,,,Minor,Temperature high,acknowledged
ALM-000121,2026-09-21T06:11:31.799Z,2026-09-21T16:03:02.045Z,VSKP-003,,,Minor,Battery on discharge,cleared
ALM-000072,2026-09-21T05:45:28.560Z,,VSKP-008,,,Major,Mains power failure,active
ALM-000177,2026-09-21T05:14:21.872Z,,VSKP-001,,,Minor,Packet loss on backhaul,active
ALM-000039,2026-09-21T05:01:10.576Z,2026-09-21T07:18:19.465Z,VSKP-004,VSKP-004-L3,LTE,Minor,Handover success degraded,cleared
ALM-000010,2026-09-21T04:35:35.802Z,2026-09-21T11:14:16.422Z,VSKP-004,VSKP-004-L2,LTE,Minor,RRC setup success degraded,cleared
ALM-000050,2026-09-21T04:34:43.459Z,2026-09-21T12:57:51.781Z,VSKP-010,VSKP-010-L3,LTE,Minor,RRC setup success degraded,cleared
ALM-000049,2026-09-21T04:31:08.876Z,2026-09-21T12:56:00.921Z,VSKP-010,,,Minor,Temperature high,cleared
ALM-000144,2026-09-21T04:15:45.453Z,2026-09-21T14:25:38.600Z,VSKP-010,,,Minor,Packet loss on backhaul,cleared
ALM-000093,2026-09-21T03:33:59.794Z,2026-09-21T07:00:43.331Z,VSKP-011,VSKP-011-L2,LTE,Minor,RRC setup success degraded,cleared
ALM-000201,2026-09-21T03:09:38.874Z,2026-09-21T12:40:02.515Z,VSKP-002,,,Warning,Rectifier fault,cleared
ALM-000145,2026-09-21T03:07:17.463Z,,VSKP-009,,,Warning,GPS synchronisation lost,active
ALM-000265,2026-09-21T00:15:31.580Z,,VSKP-010,VSKP-010-L1,LTE,Major,Sleeping cell suspected,active
ALM-000151,2026-09-20T20:25:03.869Z,2026-09-21T05:57:38.705Z,VSKP-006,,,Major,Mains power failure,cleared
ALM-000205,2026-09-20T20:10:39.601Z,,VSKP-001,,,Minor,Battery on discharge,active
ALM-000229,2026-09-20T19:24:43.131Z,,VSKP-010,,,Major,Mains power failure,active
ALM-000028,2026-09-20T19:14:55.212Z,,VSKP-009,,,Minor,Packet loss on backhaul,acknowledged
ALM-000058,2026-09-20T18:55:55.216Z,2026-09-21T00:26:58.261Z,VSKP-011,,,Minor,Packet loss on backhaul,cleared
ALM-000108,2026-09-20T18:38:40.024Z,2026-09-21T03:04:44.737Z,VSKP-012,VSKP-012-L3,LTE,Major,Sleeping cell suspected,cleared
ALM-000004,2026-09-20T18:30:00.000Z,,VSKP-002,VSKP-002-L1,LTE,Minor,VSWR high,acknowledged
ALM-000073,2026-09-20T18:21:48.630Z,2026-09-20T23:15:18.644Z,VSKP-012,VSKP-012-N1,NR,Minor,Handover success degraded,cleared
ALM-000077,2026-09-20T18:19:46.844Z,2026-09-21T00:48:10.297Z,VSKP-001,,,Warning,Door open,cleared
ALM-000035,2026-09-20T18:13:12.038Z,2026-09-20T21:22:48.541Z,VSKP-010,,,Warning,Rectifier fault,cleared
ALM-000097,2026-09-20T16:08:49.791Z,,VSKP-010,VSKP-010-L2,LTE,Minor,Handover success degraded,active
ALM-000259,2026-09-20T15:49:00.775Z,,VSKP-002,,,Warning,GPS synchronisation lost,active
ALM-000212,2026-09-20T15:43:23.447Z,2026-09-20T20:38:00.241Z,VSKP-008,,,Minor,Temperature high,cleared
ALM-000070,2026-09-20T15:16:33.149Z,2026-09-21T00:17:55.631Z,VSKP-012,,,Warning,Rectifier fault,cleared
ALM-000231,2026-09-20T14:10:16.186Z,,VSKP-010,,,Minor,Temperature high,acknowledged
ALM-000197,2026-09-20T13:23:26.256Z,2026-09-20T19:51:11.877Z,VSKP-001,VSKP-001-L1,LTE,Major,Sleeping cell suspected,cleared
ALM-000043,2026-09-20T12:59:30.543Z,2026-09-20T17:37:09.427Z,VSKP-003,,,Major,Mains power failure,cleared
ALM-000083,2026-09-20T12:21:09.164Z,,VSKP-002,,,Minor,Temperature high,active
ALM-000124,2026-09-20T11:59:51.680Z,2026-09-20T21:46:28.111Z,VSKP-011,VSKP-011-L3,LTE,Major,Sleeping cell suspected,cleared
ALM-000283,2026-09-20T10:50:21.849Z,,VSKP-010,,,Minor,Packet loss on backhaul,active
ALM-000080,2026-09-20T09:30:46.332Z,,VSKP-005,,,Warning,GPS synchronisation lost,acknowledged
ALM-000299,2026-09-20T09:12:32.571Z,2026-09-20T14:04:10.947Z,VSKP-005,VSKP-005-L1,LTE,Minor,Handover success degraded,cleared
ALM-000162,2026-09-20T07:43:52.109Z,2026-09-20T13:03:16.695Z,VSKP-006,,,Minor,Temperature high,cleared
ALM-000204,2026-09-20T07:36:37.409Z,2026-09-20T13:55:48.092Z,VSKP-012,,,Warning,GPS synchronisation lost,cleared
ALM-000118,2026-09-20T07:30:28.377Z,,VSKP-006,,,Minor,Battery on discharge,acknowledged
ALM-000275,2026-09-20T06:35:50.334Z,2026-09-20T09:41:20.835Z,VSKP-011,,,Warning,GPS synchronisation lost,cleared
ALM-000094,2026-09-20T06:20:33.074Z,,VSKP-009,VSKP-009-N1,NR,Minor,RRC setup success degraded,acknowledged
ALM-000003,2026-09-20T05:30:00.000Z,2026-09-20T07:30:00.000Z,VSKP-010,,,Major,Transmission link degraded,cleared
ALM-000038,2026-09-20T04:57:01.435Z,,VSKP-012,,,Warning,Rectifier fault,acknowledged
ALM-000215,2026-09-20T04:06:07.055Z,,VSKP-012,,,Minor,Battery on discharge,active
ALM-000272,2026-09-20T01:53:55.819Z,,VSKP-009,VSKP-009-L3,LTE,Minor,Handover success degraded,active
ALM-000156,2026-09-20T01:49:45.844Z,,VSKP-009,,,Minor,Temperature high,active
ALM-000008,2026-09-19T23:53:17.054Z,2026-09-20T09:20:00.326Z,VSKP-002,,,Minor,Packet loss on backhaul,cleared
ALM-000228,2026-09-19T23:22:25.260Z,2026-09-20T03:16:36.067Z,VSKP-002,,,Warning,Rectifier fault,cleared
ALM-000191,2026-09-19T23:20:29.677Z,2026-09-20T09:02:33.618Z,VSKP-011,VSKP-011-L1,LTE,Major,Sleeping cell suspected,cleared
ALM-000128,2026-09-19T21:54:04.765Z,2026-09-20T04:11:29.761Z,VSKP-005,,,Warning,Door open,cleared
ALM-000141,2026-09-19T21:23:33.928Z,,VSKP-008,,,Major,Mains power failure,active
ALM-000298,2026-09-19T20:47:31.833Z,2026-09-20T00:56:20.528Z,VSKP-009,VSKP-009-L3,LTE,Minor,Handover success degraded,cleared
ALM-000111,2026-09-19T20:23:43.624Z,,VSKP-004,,,Major,Mains power failure,active
ALM-000179,2026-09-19T19:34:02.818Z,2026-09-19T20:31:38.975Z,VSKP-010,VSKP-010-L3,LTE,Minor,RRC setup success degraded,cleared
ALM-000062,2026-09-19T19:19:47.467Z,2026-09-20T03:05:42.388Z,VSKP-004,,,Major,Mains power failure,cleared
ALM-000109,2026-09-19T18:55:43.288Z,,VSKP-011,,,Warning,Door open,acknowledged
ALM-000079,2026-09-19T18:33:00.836Z,,VSKP-008,,,Major,Mains power failure,acknowledged
ALM-000213,2026-09-19T18:10:56.384Z,2026-09-19T20:42:47.427Z,VSKP-002,,,Warning,Door open,cleared
ALM-000240,2026-09-19T17:02:37.045Z,,VSKP-009,,,Minor,Packet loss on backhaul,active
ALM-000104,2026-09-19T16:49:22.231Z,,VSKP-009,VSKP-009-N1,NR,Minor,RRC setup success degraded,active
ALM-000021,2026-09-19T16:17:51.369Z,2026-09-19T23:54:15.136Z,VSKP-009,,,Warning,Door open,cleared
ALM-000024,2026-09-19T15:24:25.308Z,2026-09-19T19:09:31.601Z,VSKP-006,,,Warning,Rectifier fault,cleared
ALM-000033,2026-09-19T14:41:12.936Z,2026-09-19T19:08:03.435Z,VSKP-004,,,Minor,Battery on discharge,cleared
ALM-000069,2026-09-19T14:27:22.942Z,,VSKP-010,VSKP-010-L2,LTE,Major,Sleeping cell suspected,acknowledged
ALM-000091,2026-09-19T14:15:57.008Z,2026-09-19T16:43:33.705Z,VSKP-004,,,Warning,GPS synchronisation lost,cleared
ALM-000247,2026-09-19T13:53:45.265Z,2026-09-19T17:53:40.952Z,VSKP-007,,,Minor,Temperature high,cleared
ALM-000297,2026-09-19T13:44:29.421Z,2026-09-19T23:35:47.450Z,VSKP-007,,,Warning,Rectifier fault,cleared
ALM-000002,2026-09-19T12:30:00.000Z,,VSKP-007,VSKP-007-N1,NR,Major,High PRB utilization,active
ALM-000230,2026-09-19T12:25:27.253Z,2026-09-19T15:30:30.198Z,VSKP-003,,,Minor,Packet loss on backhaul,cleared
ALM-000193,2026-09-19T12:24:11.128Z,,VSKP-005,,,Warning,GPS synchronisation lost,active
ALM-000015,2026-09-19T11:29:24.549Z,2026-09-19T19:44:21.255Z,VSKP-010,,,Warning,Rectifier fault,cleared
ALM-000224,2026-09-19T11:11:31.635Z,2026-09-19T20:08:01.757Z,VSKP-009,,,Minor,Battery on discharge,cleared
ALM-000026,2026-09-19T10:25:59.764Z,2026-09-19T16:49:35.025Z,VSKP-003,,,Warning,Rectifier fault,cleared
ALM-000138,2026-09-19T10:11:13.679Z,,VSKP-009,VSKP-009-N1,NR,Minor,RRC setup success degraded,active
ALM-000185,2026-09-19T10:02:49.925Z,2026-09-19T17:07:37.132Z,VSKP-003,,,Warning,Rectifier fault,cleared
ALM-000153,2026-09-19T09:28:44.690Z,2026-09-19T19:05:42.454Z,VSKP-007,,,Minor,Battery on discharge,cleared
ALM-000158,2026-09-19T09:19:53.840Z,2026-09-19T11:07:28.413Z,VSKP-007,,,Minor,Temperature high,cleared
ALM-000280,2026-09-19T09:06:29.964Z,2026-09-19T14:39:10.435Z,VSKP-008,,,Warning,GPS synchronisation lost,cleared
ALM-000140,2026-09-19T08:07:58.253Z,2026-09-19T09:12:15.098Z,VSKP-008,,,Warning,Door open,cleared
ALM-000075,2026-09-19T07:05:31.196Z,,VSKP-008,,,Minor,Temperature high,acknowledged
ALM-000190,2026-09-19T07:04:56.128Z,2026-09-19T10:36:06.777Z,VSKP-007,,,Minor,Battery on discharge,cleared
ALM-000187,2026-09-19T06:09:29.345Z,2026-09-19T13:56:30.699Z,VSKP-007,,,Minor,Battery on discharge,cleared
ALM-000226,2026-09-19T06:04:00.023Z,2026-09-19T06:27:32.299Z,VSKP-004,,,Minor,Temperature high,cleared
ALM-000088,2026-09-19T05:57:47.717Z,2026-09-19T09:58:50.226Z,VSKP-001,,,Warning,Door open,cleared
ALM-000098,2026-09-19T05:50:13.955Z,2026-09-19T10:51:36.052Z,VSKP-008,,,Minor,Temperature high,cleared
ALM-000294,2026-09-19T05:41:01.840Z,2026-09-19T08:01:07.465Z,VSKP-003,VSKP-003-L2,LTE,Minor,Handover success degraded,cleared
ALM-000199,2026-09-19T05:36:17.348Z,2026-09-19T09:41:47.389Z,VSKP-012,,,Warning,Door open,cleared
ALM-000082,2026-09-19T05:17:42.378Z,2026-09-19T07:28:18.360Z,VSKP-003,,,Warning,Door open,cleared
ALM-000117,2026-09-19T04:57:20.129Z,2026-09-19T09:14:12.796Z,VSKP-012,,,Minor,Battery on discharge,cleared
ALM-000164,2026-09-19T04:47:39.734Z,2026-09-19T14:41:02.875Z,VSKP-007,,,Minor,Packet loss on backhaul,cleared
ALM-000135,2026-09-19T02:42:13.440Z,2026-09-19T09:19:36.740Z,VSKP-001,VSKP-001-L3,LTE,Minor,RRC setup success degraded,cleared
ALM-000025,2026-09-19T02:27:53.729Z,2026-09-19T04:11:10.583Z,VSKP-002,VSKP-002-N1,NR,Minor,RRC setup success degraded,cleared
ALM-000009,2026-09-19T01:51:09.126Z,,VSKP-003,,,Minor,Packet loss on backhaul,active
ALM-000218,2026-09-19T00:50:39.216Z,,VSKP-008,VSKP-008-L3,LTE,Minor,RRC setup success degraded,active
ALM-000096,2026-09-19T00:50:21.608Z,2026-09-19T09:58:23.522Z,VSKP-010,VSKP-010-L3,LTE,Major,Sleeping cell suspected,cleared
ALM-000071,2026-09-19T00:03:34.947Z,2026-09-19T08:22:59.848Z,VSKP-004,,,Warning,Door open,cleared
ALM-000290,2026-09-18T21:30:12.405Z,2026-09-18T21:52:14.557Z,VSKP-008,,,Minor,Battery on discharge,cleared
ALM-000057,2026-09-18T20:42:42.850Z,2026-09-19T06:25:12.789Z,VSKP-011,,,Major,Mains power failure,cleared
ALM-000271,2026-09-18T19:58:18.159Z,2026-09-19T03:47:15.036Z,VSKP-006,,,Major,Mains power failure,cleared
ALM-000105,2026-09-18T18:21:05.588Z,2026-09-18T22:01:09.419Z,VSKP-007,,,Warning,GPS synchronisation lost,cleared
ALM-000007,2026-09-18T18:14:48.367Z,2026-09-18T22:07:44.612Z,VSKP-008,,,Warning,GPS synchronisation lost,cleared
ALM-000248,2026-09-18T18:14:02.135Z,2026-09-18T19:14:19.824Z,VSKP-001,VSKP-001-N1,NR,Minor,Handover success degraded,cleared
ALM-000186,2026-09-18T17:27:25.693Z,2026-09-18T18:46:52.357Z,VSKP-010,,,Minor,Temperature high,cleared
ALM-000236,2026-09-18T16:17:59.875Z,2026-09-18T17:12:19.525Z,VSKP-012,VSKP-012-L3,LTE,Minor,Handover success degraded,cleared
ALM-000196,2026-09-18T15:47:43.312Z,2026-09-18T20:22:21.614Z,VSKP-010,,,Major,Mains power failure,cleared
ALM-000169,2026-09-18T15:02:16.766Z,,VSKP-003,,,Warning,Rectifier fault,active
ALM-000042,2026-09-18T14:40:13.641Z,,VSKP-006,VSKP-006-N1,NR,Minor,RRC setup success degraded,active
ALM-000134,2026-09-18T14:28:49.828Z,,VSKP-008,,,Major,Mains power failure,active
ALM-000149,2026-09-18T14:13:20.272Z,,VSKP-012,,,Minor,Temperature high,acknowledged
ALM-000168,2026-09-18T13:45:34.255Z,,VSKP-003,,,Minor,Packet loss on backhaul,active
ALM-000195,2026-09-18T12:30:27.510Z,,VSKP-010,VSKP-010-L2,LTE,Minor,RRC setup success degraded,active
ALM-000278,2026-09-18T11:34:50.366Z,2026-09-18T16:34:28.666Z,VSKP-007,,,Warning,Door open,cleared
ALM-000295,2026-09-18T11:22:58.478Z,2026-09-18T20:03:17.500Z,VSKP-001,VSKP-001-L1,LTE,Minor,RRC setup success degraded,cleared
ALM-000234,2026-09-18T11:18:04.967Z,2026-09-18T20:53:54.732Z,VSKP-005,,,Warning,GPS synchronisation lost,cleared
ALM-000132,2026-09-18T10:54:11.719Z,2026-09-18T20:30:46.137Z,VSKP-004,VSKP-004-L1,LTE,Major,Sleeping cell suspected,cleared
ALM-000182,2026-09-18T10:00:48.088Z,2026-09-18T19:00:35.645Z,VSKP-009,,,Warning,GPS synchronisation lost,cleared
ALM-000300,2026-09-18T09:55:11.702Z,2026-09-18T16:29:18.855Z,VSKP-004,,,Major,Mains power failure,cleared
ALM-000273,2026-09-18T09:31:21.118Z,2026-09-18T14:25:37.629Z,VSKP-008,VSKP-008-N1,NR,Minor,RRC setup success degraded,cleared
ALM-000032,2026-09-18T09:13:11.521Z,,VSKP-004,VSKP-004-L3,LTE,Minor,RRC setup success degraded,acknowledged
ALM-000046,2026-09-18T09:10:08.551Z,2026-09-18T18:00:40.848Z,VSKP-011,,,Minor,Temperature high,cleared
ALM-000053,2026-09-18T08:41:30.739Z,2026-09-18T15:42:33.900Z,VSKP-004,,,Warning,GPS synchronisation lost,cleared
ALM-000041,2026-09-18T08:23:44.564Z,2026-09-18T14:16:36.260Z,VSKP-002,,,Major,Mains power failure,cleared
ALM-000269,2026-09-18T07:33:19.603Z,,VSKP-003,,,Warning,Rectifier fault,active
ALM-000022,2026-09-18T07:01:02.080Z,2026-09-18T12:34:16.800Z,VSKP-010,,,Major,Mains power failure,cleared
ALM-000143,2026-09-18T04:56:05.687Z,2026-09-18T08:07:54.186Z,VSKP-007,,,Warning,GPS synchronisation lost,cleared
ALM-000110,2026-09-18T04:51:14.336Z,2026-09-18T10:06:47.685Z,VSKP-002,VSKP-002-L3,LTE,Major,Sleeping cell suspected,cleared
ALM-000012,2026-09-18T03:52:05.938Z,2026-09-18T06:58:58.228Z,VSKP-005,,,Warning,GPS synchronisation lost,cleared
ALM-000001,2026-09-18T03:30:00.000Z,2026-09-18T09:30:00.000Z,VSKP-004,VSKP-004-L2,LTE,Critical,Cell down,cleared
ALM-000161,2026-09-18T03:18:49.307Z,2026-09-18T05:46:39.605Z,VSKP-007,,,Major,Mains power failure,cleared
ALM-000251,2026-09-18T02:13:42.083Z,2026-09-18T07:40:09.850Z,VSKP-006,,,Warning,GPS synchronisation lost,cleared
ALM-000092,2026-09-18T01:01:51.238Z,,VSKP-002,,,Minor,Battery on discharge,active
ALM-000203,2026-09-18T00:26:39.988Z,2026-09-18T05:57:47.214Z,VSKP-007,,,Warning,Door open,cleared
ALM-000276,2026-09-18T00:25:40.513Z,,VSKP-012,VSKP-012-N1,NR,Minor,Handover success degraded,acknowledged
ALM-000099,2026-09-17T23:52:19.582Z,,VSKP-010,,,Minor,Battery on discharge,active
ALM-000019,2026-09-17T23:40:09.483Z,,VSKP-009,,,Minor,Packet loss on backhaul,acknowledged
ALM-000074,2026-09-17T23:29:37.117Z,2026-09-18T03:05:11.112Z,VSKP-006,,,Minor,Temperature high,cleared
ALM-000192,2026-09-17T23:01:32.392Z,2026-09-18T05:55:25.064Z,VSKP-004,,,Warning,Rectifier fault,cleared
ALM-000285,2026-09-17T22:53:59.237Z,2026-09-18T05:29:55.725Z,VSKP-007,,,Minor,Temperature high,cleared
ALM-000238,2026-09-17T22:49:28.109Z,2026-09-18T07:51:49.560Z,VSKP-005,,,Minor,Temperature high,cleared
ALM-000216,2026-09-17T22:42:25.411Z,,VSKP-008,VSKP-008-L3,LTE,Minor,RRC setup success degraded,active
ALM-000266,2026-09-17T21:52:12.450Z,2026-09-18T02:47:32.853Z,VSKP-006,VSKP-006-L2,LTE,Minor,Handover success degraded,cleared
ALM-000125,2026-09-17T21:23:07.487Z,2026-09-18T00:29:04.485Z,VSKP-008,,,Major,Mains power failure,cleared
ALM-000286,2026-09-17T19:22:17.959Z,2026-09-17T19:51:15.231Z,VSKP-003,,,Warning,GPS synchronisation lost,cleared
ALM-000225,2026-09-17T18:42:04.436Z,2026-09-18T03:38:27.101Z,VSKP-004,VSKP-004-L3,LTE,Minor,RRC setup success degraded,cleared
ALM-000159,2026-09-17T17:24:39.622Z,2026-09-18T03:06:15.459Z,VSKP-012,,,Warning,GPS synchronisation lost,cleared
ALM-000235,2026-09-17T16:56:48.458Z,2026-09-18T00:25:56.702Z,VSKP-009,,,Minor,Battery on discharge,cleared
ALM-000239,2026-09-17T16:56:31.989Z,2026-09-17T18:14:09.280Z,VSKP-012,,,Warning,Door open,cleared
ALM-000289,2026-09-17T16:56:20.707Z,,VSKP-004,,,Warning,Door open,active
ALM-000210,2026-09-17T16:46:41.897Z,2026-09-17T18:06:10.206Z,VSKP-002,,,Minor,Battery on discharge,cleared
ALM-000293,2026-09-17T16:43:45.467Z,2026-09-17T17:46:10.351Z,VSKP-005,,,Warning,Rectifier fault,cleared
ALM-000175,2026-09-17T15:32:11.147Z,2026-09-17T20:23:11.194Z,VSKP-007,,,Warning,Door open,cleared
ALM-000282,2026-09-17T14:30:11.835Z,2026-09-17T20:52:46.636Z,VSKP-004,VSKP-004-N1,NR,Major,Sleeping cell suspected,cleared
ALM-000055,2026-09-17T14:02:55.967Z,2026-09-17T21:37:02.858Z,VSKP-008,,,Warning,Rectifier fault,cleared
ALM-000189,2026-09-17T12:39:55.736Z,2026-09-17T21:21:24.584Z,VSKP-008,,,Major,Mains power failure,cleared
ALM-000006,2026-09-17T11:58:16.782Z,2026-09-17T18:54:07.330Z,VSKP-003,,,Warning,Rectifier fault,cleared
ALM-000250,2026-09-17T11:07:12.868Z,,VSKP-005,,,Warning,Rectifier fault,active
ALM-000206,2026-09-17T10:49:44.641Z,,VSKP-002,,,Minor,Temperature high,active
ALM-000178,2026-09-17T09:29:13.887Z,2026-09-17T11:21:55.940Z,VSKP-002,,,Warning,GPS synchronisation lost,cleared
ALM-000217,2026-09-17T08:43:00.995Z,2026-09-17T10:39:14.615Z,VSKP-003,VSKP-003-N1,NR,Major,Sleeping cell suspected,cleared
ALM-000031,2026-09-17T08:07:24.556Z,2026-09-17T12:39:44.281Z,VSKP-004,VSKP-004-L2,LTE,Minor,Handover success degraded,cleared
ALM-000292,2026-09-17T07:47:40.204Z,2026-09-17T12:46:00.224Z,VSKP-004,,,Warning,Rectifier fault,cleared
ALM-000167,2026-09-17T07:11:15.638Z,2026-09-17T13:58:17.180Z,VSKP-005,VSKP-005-L3,LTE,Minor,RRC setup success degraded,cleared
ALM-000244,2026-09-17T06:23:59.336Z,2026-09-17T13:18:27.867Z,VSKP-002,,,Warning,Rectifier fault,cleared
ALM-000207,2026-09-17T04:37:09.801Z,,VSKP-009,VSKP-009-L3,LTE,Minor,RRC setup success degraded,active
ALM-000136,2026-09-17T04:30:22.052Z,2026-09-17T13:41:29.785Z,VSKP-009,,,Minor,Battery on discharge,cleared
ALM-000214,2026-09-17T03:38:49.672Z,2026-09-17T13:04:43.215Z,VSKP-012,,,Major,Mains power failure,cleared
ALM-000157,2026-09-17T03:07:58.830Z,,VSKP-005,,,Minor,Temperature high,active
ALM-000114,2026-09-17T02:45:14.427Z,2026-09-17T03:33:51.914Z,VSKP-010,,,Minor,Packet loss on backhaul,cleared
ALM-000095,2026-09-17T01:47:54.033Z,2026-09-17T06:26:37.468Z,VSKP-003,,,Warning,Rectifier fault,cleared
ALM-000034,2026-09-17T01:41:26.284Z,2026-09-17T05:16:40.195Z,VSKP-007,VSKP-007-L1,LTE,Major,Sleeping cell suspected,cleared
ALM-000045,2026-09-17T01:36:53.041Z,2026-09-17T11:01:23.534Z,VSKP-007,VSKP-007-L3,LTE,Minor,Handover success degraded,cleared
ALM-000116,2026-09-17T00:15:22.300Z,,VSKP-006,,,Minor,Packet loss on backhaul,acknowledged
ALM-000078,2026-09-16T23:30:40.876Z,,VSKP-004,VSKP-004-N1,NR,Major,Sleeping cell suspected,acknowledged
ALM-000202,2026-09-16T23:20:58.377Z,2026-09-17T02:42:10.907Z,VSKP-003,,,Major,Mains power failure,cleared
ALM-000127,2026-09-16T20:54:44.339Z,,VSKP-004,,,Minor,Packet loss on backhaul,acknowledged
ALM-000152,2026-09-16T19:58:11.996Z,,VSKP-008,,,Minor,Packet loss on backhaul,active
ALM-000249,2026-09-16T19:42:42.253Z,2026-09-17T04:07:01.447Z,VSKP-012,,,Minor,Temperature high,cleared
ALM-000165,2026-09-16T19:16:05.244Z,,VSKP-001,VSKP-001-L1,LTE,Minor,RRC setup success degraded,active
ALM-000027,2026-09-16T19:09:43.268Z,2026-09-16T21:20:52.963Z,VSKP-003,,,Major,Mains power failure,cleared
ALM-000133,2026-09-16T17:43:01.073Z,2026-09-16T23:53:31.320Z,VSKP-008,,,Warning,Rectifier fault,cleared
ALM-000183,2026-09-16T17:36:37.282Z,2026-09-16T18:43:08.889Z,VSKP-008,VSKP-008-L3,LTE,Minor,Handover success degraded,cleared
ALM-000150,2026-09-16T16:10:05.517Z,2026-09-17T01:59:44.621Z,VSKP-002,,,Minor,Battery on discharge,cleared
ALM-000148,2026-09-16T16:08:41.683Z,2026-09-16T17:07:39.380Z,VSKP-006,,,Warning,Rectifier fault,cleared
ALM-000086,2026-09-16T15:55:14.437Z,2026-09-16T23:23:41.485Z,VSKP-001,,,Warning,Rectifier fault,cleared
ALM-000122,2026-09-16T15:19:21.789Z,2026-09-16T23:50:16.475Z,VSKP-002,,,Minor,Packet loss on backhaul,cleared
ALM-000163,2026-09-16T15:18:05.108Z,2026-09-17T01:09:03.431Z,VSKP-009,,,Minor,Battery on discharge,cleared
ALM-000126,2026-09-16T14:45:51.292Z,2026-09-16T21:04:42.694Z,VSKP-003,,,Minor,Packet loss on backhaul,cleared
ALM-000255,2026-09-16T14:34:52.949Z,2026-09-16T22:23:04.501Z,VSKP-003,VSKP-003-N1,NR,Minor,Handover success degraded,cleared
ALM-000166,2026-09-16T14:24:29.701Z,2026-09-16T19:57:48.727Z,VSKP-001,,,Warning,GPS synchronisation lost,cleared
ALM-000044,2026-09-16T14:03:42.011Z,,VSKP-006,,,Minor,Packet loss on backhaul,active
ALM-000113,2026-09-16T14:03:39.879Z,,VSKP-010,VSKP-010-L2,LTE,Major,Sleeping cell suspected,active
ALM-000222,2026-09-16T13:58:53.454Z,,VSKP-007,,,Major,Mains power failure,active
ALM-000089,2026-09-16T13:46:33.575Z,2026-09-16T16:12:55.185Z,VSKP-004,VSKP-004-N1,NR,Major,Sleeping cell suspected,cleared
ALM-000287,2026-09-16T13:13:14.845Z,2026-09-16T22:08:05.038Z,VSKP-004,VSKP-004-L3,LTE,Major,Sleeping cell suspected,cleared
ALM-000245,2026-09-16T12:42:11.481Z,2026-09-16T18:22:36.936Z,VSKP-009,,,Warning,Rectifier fault,cleared
ALM-000137,2026-09-16T12:11:53.890Z,,VSKP-001,VSKP-001-N1,NR,Minor,Handover success degraded,active
ALM-000147,2026-09-16T11:32:37.762Z,2026-09-16T16:21:38.483Z,VSKP-003,,,Minor,Temperature high,cleared
ALM-000180,2026-09-16T11:22:23.780Z,2026-09-16T18:39:21.190Z,VSKP-009,,,Minor,Temperature high,cleared
ALM-000023,2026-09-16T11:10:12.624Z,2026-09-16T14:39:14.311Z,VSKP-011,VSKP-011-L3,LTE,Minor,Handover success degraded,cleared
ALM-000237,2026-09-16T10:52:34.585Z,,VSKP-001,VSKP-001-L2,LTE,Minor,RRC setup success degraded,active
ALM-000112,2026-09-16T10:40:16.945Z,2026-09-16T16:59:38.685Z,VSKP-003,,,Warning,Door open,cleared
ALM-000277,2026-09-16T10:24:52.899Z,2026-09-16T17:02:17.598Z,VSKP-008,VSKP-008-L1,LTE,Minor,RRC setup success degraded,cleared
ALM-000130,2026-09-16T10:14:37.863Z,,VSKP-006,,,Warning,GPS synchronisation lost,active